insert into movement (id, user_id, name, description, movement_dimension, cardio) values
    (1, null, 'Running', null, 'distance', true), -- outdoor
    (2, null, 'Running', null, 'energy', true),
    (3, null, 'Trailrunning', null, 'distance', true),
    (4, null, 'Hiking', null, 'distance', true),
    (5, null, 'Trekking', null, 'distance', true),
    (6, null, 'Ski Touring', null, 'distance', true),
    (7, null, 'Cross-Country Skiing', null, 'distance', true),
    (8, null, 'Alpine Skiing', null, 'distance', true),
    (9, null, 'Mountaineering', null, 'distance', true),
    (10, null, 'Biking', null, 'distance', true),
    (11, null, 'Mountainbiking', null, 'distance', true),
    (12, null, 'Swimming', null, 'distance', true),
    (13, null, 'Open Water Swimming', null, 'distance', true),
    (14, null, 'Row Erg', null, 'distance', false), -- erg
    (15, null, 'Row Erg', null, 'energy', false),
    (16, null, 'Bike Erg', null, 'distance', false),
    (17, null, 'Bike Erg', null, 'energy', false),
    (18, null, 'Ski Erg', null, 'distance', false),
    (19, null, 'Ski Erg', null, 'energy', false),
    (20, null, 'Echo Bike', null, 'distance', false),
    (21, null, 'Echo Bike', null, 'energy', false),
    (22, null, 'Back Squat', null, 'reps', false), -- squat
    (23, null, 'Front Squat', null, 'reps', false),
    (24, null, 'Dumbbell Front Squat', null, 'reps', false),
    (25, null, 'Overhead Squat', null, 'reps', false),
    (26, null, 'Dumbbell Overhead Squat', null, 'reps', false),
    (27, null, 'Bulgarian Split Squat', null, 'reps', false),
    (28, null, 'Lunge', null, 'reps', false), -- lunge
    (29, null, 'Dumbbell Lunge', null, 'reps', false),
    (30, null, 'Dumbbell Walking Lunge', null, 'distance', false),
    (31, null, 'Back Rack Lunge', null, 'reps', false),
    (32, null, 'Back Rack Walking Lunge', null, 'distance', false),
    (33, null, 'Front Rack Lunge', null, 'reps', false),
    (34, null, 'Dumbbell Front Rack Lunge', null, 'reps', false),
    (35, null, 'Front Rack Walking Lunge', null, 'distance', false),
    (36, null, 'Dumbbell Front Rack Walking Lunge', null, 'distance', false),
    (37, null, 'Overhead Lunge', null, 'reps', false),
    (38, null, 'Dumbbell Overhead Lunge', null, 'reps', false),
    (39, null, 'Overhead Walking Lunge', null, 'distance', false),
    (40, null, 'Dumbbell Overhead Walking Lunge', null, 'distance', false),
    (41, null, 'Deadlift', null, 'reps', false), -- deadlift
    (42, null, 'Dumbbell Deadlift', null, 'reps', false),
    (43, null, 'Romanian Deadlift', null, 'reps', false),
    (44, null, 'Sumo Deadlift High Pull', null, 'reps', false),
    (45, null, 'Good Morning', null, 'reps', false),
    (46, null, 'Bent Over Row', null, 'reps', false), -- rows
    (47, null, 'Dumbbell Bent Over Row', null, 'reps', false),
    (48, null, 'Bench Press', null, 'reps', false), -- bench, ohp 
    (49, null, 'Dumbbell Bench Press', null, 'reps', false),
    (50, null, 'Overhead Press', null, 'reps', false),
    (51, null, 'Dumbbell Overhead Press', null, 'reps', false),
    (52, null, 'Push Press', null, 'reps', false), -- jerk
    (53, null, 'Dumbbell Push Press', null, 'reps', false),
    (54, null, 'Push Jerk', null, 'reps', false),
    (55, null, 'Split Jerk', null, 'reps', false),
    (56, null, 'Shoulder To Overhead', null, 'reps', false),
    (57, null, 'Clean', null, 'reps', false), -- clean
    (58, null, 'Dumbbell Clean', null, 'reps', false),
    (59, null, 'Power Clean', null, 'reps', false),
    (60, null, 'Muscle Clean', null, 'reps', false),
    (61, null, 'Squat Clean', null, 'reps', false),
    (62, null, 'Hang Clean', null, 'reps', false),
    (63, null, 'Dumbbell Hang Clean', null, 'reps', false),
    (64, null, 'Hang Power Clean', null, 'reps', false),
    (65, null, 'Hang Squat Clean', null, 'reps', false),
    (66, null, 'Clean Pull', null, 'reps', false),
    (67, null, 'Clean & Jerk', null, 'reps', false), -- clean & jerk
    (68, null, 'Power Clean & Push Jerk', null, 'reps', false),
    (69, null, 'Thruster', null, 'reps', false),
    (70, null, 'Ground To Overhead', null, 'reps', false),
    (71, null, 'Snatch', null, 'reps', false), -- snatch
    (72, null, 'Dumbbell Snatch', null, 'reps', false),
    (73, null, 'Power Snatch', null, 'reps', false),
    (74, null, 'Muscle Snatch', null, 'reps', false),
    (75, null, 'Squat Snatch', null, 'reps', false),
    (76, null, 'Hang Snatch', null, 'reps', false),
    (77, null, 'Hang Power Snatch', null, 'reps', false),
    (78, null, 'Hang Squat Snatch', null, 'reps', false),
    (79, null, 'Snatch Balance', null, 'reps', false),
    (80, null, 'Snatch High Pull', null, 'reps', false),
    (81, null, 'Turkish Get-up', null, 'reps', false), -- kettlebell
    (82, null, 'Russian Kettlebell Swing', null, 'reps', false),
    (83, null, 'American Kettlebell Swing', null, 'reps', false),
    (84, null, 'One Arm Kettlebell Swing', null, 'reps', false),
    (85, null, 'Goblet Squat', null, 'reps', false),
    (86, null, 'Kettlebell Snatch', null, 'reps', false),
    (87, null, 'Kettlebell Clean', null, 'reps', false),
    (88, null, 'Kettlebell Jerk', null, 'reps', false),
    (89, null, 'Kettlebell Clean & Jerk', null, 'reps', false),
    (90, null, 'Kettlebell Windmill', null, 'reps', false),
    (91, null, 'Farmers Carry', null, 'distance', false), -- strongman
    (92, null, 'Yoke Carry', null, 'distance', false),
    (93, null, 'Sled Push', null, 'distance', false),
    (94, null, 'Rope Pull', null, 'distance', false),
    (95, null, 'Air Squat', null, 'reps', false), -- bodyweight
    (96, null, 'Pistol', null, 'reps', false),
    (97, null, 'Push Up', null, 'reps', false),
    (98, null, 'Parallette Push Up', null, 'reps', false),
    (99, null, 'Dip', null, 'reps', false),
    (100, null, 'Burpee', null, 'reps', false),
    (101, null, 'Hand Stand Push Up', null, 'reps', false),
    (102, null, 'Strict Hand Stand Push Up', null, 'reps', false),
    (103, null, 'Free Stading Hand Stand Push Up', null, 'reps', false),
    (104, null, 'Deficit Hand Stand Push Up', null, 'reps', false),
    (105, null, 'Strict Deficit Hand Stand Push Up', null, 'reps', false),
    (106, null, 'Hang', null, 'time', false),
    (107, null, 'Pull Up', null, 'reps', false),
    (108, null, 'Strict Pull Up', null, 'reps', false),
    (109, null, 'Chest To Bar Pull Up', null, 'reps', false),
    (110, null, 'Strict Chest To Bar Pull Up', null, 'reps', false),
    (111, null, 'Bar Muscle Up', null, 'reps', false),
    (112, null, 'Strict Bar Muscle Up', null, 'reps', false),
    (113, null, 'Toes To Bar', null, 'reps', false),
    (114, null, 'Strict Toes To Bar', null, 'reps', false),
    (115, null, 'Toes To Ring', null, 'reps', false), -- rings
    (116, null, 'Strict Toes To Ring', null, 'reps', false),
    (117, null, 'Ring Dip', null, 'reps', false),
    (118, null, 'Ring Row', null, 'reps', false),
    (119, null, 'Ring Muscle Up', null, 'reps', false),
    (120, null, 'Strict Ring Muscle Up', null, 'reps', false),
    (121, null, 'Ring L-Sit', null, 'time', false),
    (122, null, 'Rope Climb', null, 'reps', false), -- rope
    (123, null, 'Legless Rope Climb', null, 'reps', false),
    (124, null, 'Wall Ball', null, 'reps', false), -- ball
    (125, null, 'Med Ball Clean', null, 'reps', false),
    (126, null, 'GHD Back Extension', null, 'reps', false), -- GHD
    (127, null, 'GHD Hip Extension', null, 'reps', false),
    (128, null, 'GHD Sit Up', null, 'reps', false),
    (129, null, 'Box Step Up', null, 'reps', false), -- jumps
    (130, null, 'Box Jump', null, 'reps', false),
    (131, null, 'Broad Jump', null, 'reps', false),
    (132, null, 'Burpee Broad Jump', null, 'reps', false),
    (133, null, 'Hand Stand', null, 'time', false), -- hand stand
    (134, null, 'Hand Stand Walk', null, 'distance', false),
    (135, null, 'Wall Climb', null, 'reps', false),
    (136, null, 'Plank', null, 'time', false), -- abs
    (137, null, 'Side Plank', null, 'time', false),
    (138, null, 'L-Sit', null, 'time', false),
    (139, null, 'Mountain Climbers', null, 'reps', false),
    (140, null, 'V-Up', null, 'reps', false),
    (141, null, 'Hollow Rock', null, 'reps', false),
    (142, null, 'Hollow Hold', null, 'time', false),
    (143, null, 'Ab Mat Sit Up', null, 'reps', false),
    (144, null, 'Single Under', null, 'reps', false), -- jump rope
    (145, null, 'Double Under', null, 'reps', false),
    (146, null, 'Triple Under', null, 'reps', false),
    (147, null, 'Rest', null, 'time', false), -- rest
    (148, null, 'Power Clean & Push Press', null, 'reps', false),
    (149, null, 'Cable Row', null, 'reps', false),
    (150, null, 'Barbell Biceps Curl', null, 'reps', false),
    (151, null, 'Dumbbell Biceps Curl', null, 'reps', false),
    (152, null, 'Kettlebell Overhead Press', null, 'reps', false),
    (153, null, 'Snowboarding', null, 'distance', true),
    (155, null, 'Sandbag Carry', null, 'distance', false),
    (156, null, 'Sandbag Clean', null, 'reps', false),
    (157, null, 'GHD Hip Extension & Nordic Curl', null, 'reps', false),
    (158, null, 'Nordic Curl', null, 'reps', false),
    (159, null, 'Seal Row', null, 'reps', false),
    (160, null, 'Strict Ring Dip', null, 'reps', false),
    (161, null, 'Reverse Sled Pull', null, 'distance', false),
    (162, null, 'Harness Sled Pull', null, 'distance', false),
    (163, null, 'Cluster', null, 'reps', false),
    (164, null, 'Log Clean', null, 'reps', false),
    (165, null, 'Log Press', null, 'reps', false),
    (166, null, 'Log Clean & Press', null, 'reps', false),
    (167, null, 'Wall Facing Strict Hand Stand Push Up', null, 'reps', false);

insert into eorm (reps, percentage) values
    (1, 1.0),
    (2, 0.97),
    (3, 0.94),
    (4, 0.92),
    (5, 0.89),
    (6, 0.86),
    (7, 0.83),
    (8, 0.81),
    (9, 0.78),
    (10, 0.75),
    (11, 0.73),
    (12, 0.71),
    (13, 0.70),
    (14, 0.68),
    (15, 0.67),
    (16, 0.65),
    (17, 0.64),
    (18, 0.63),
    (19, 0.61),
    (20, 0.60),
    (21, 0.59),
    (22, 0.58),
    (23, 0.57),
    (24, 0.56),
    (25, 0.55),
    (26, 0.54),
    (27, 0.53),
    (28, 0.52),
    (29, 0.51),
    (30, 0.50);

insert into metcon (id, user_id, name, metcon_type, rounds, timecap, description) values
    (1, null, 'Barbara', 'for_time', 5, NULL, NULL),
    (2, null, 'Chelsea', 'emom', 30, 1800000, NULL),
    (3, null, 'Mary', 'amrap', NULL, 1200000, NULL),
    (4, null, 'Cindy', 'amrap', NULL, 1200000, NULL),
    (5, null, 'Annie', 'for_time', 1, NULL, NULL),
    (6, null, 'Nicole', 'amrap', NULL, 1200000, NULL),
    (7, null, 'Angie', 'for_time', 1, NULL, NULL),
    (8, null, 'Kelly', 'for_time', 5, NULL, NULL),
    (9, null, 'Eva', 'for_time', 5, NULL, NULL),
    (10, null, 'Helen', 'for_time', 3, NULL, NULL),
    (11, null, 'Karen', 'for_time', 1, NULL, NULL),
    (12, NULL, 'Amanda', 'for_time', 1, NULL, NULL),
    (13, NULL, 'Jackie', 'for_time', 1, NULL, NULL),
    (14, NULL, 'Diane', 'for_time', 1, NULL, NULL),
    (15, NULL, 'Elizabeth', 'for_time', 1, NULL, NULL),
    (16, NULL, 'Fran', 'for_time', 1, NULL, NULL),
    (17, NULL, 'Isabel', 'for_time', 1, NULL, NULL),
    (18, NULL, 'Nancy', 'for_time', 5, NULL, NULL),
    (19, NULL, 'Linda', 'for_time', 1, NULL, E'1.5x bodyweight deadlift\nbodyweight bench press\n0.75x bodyweight clean'),
    (20, NULL, 'Grace', 'for_time', 1, NULL, NULL);

insert into metcon_movement (id, metcon_id, movement_id, distance_unit, movement_number, count, male_weight, female_weight) values
    (1, 1, 107, null, 0, 20, NULL, NULL),
    (2, 1, 97, null, 1, 30, NULL, NULL),
    (3, 1, 143, null, 2, 40, NULL, NULL),
    (4, 1, 95, null, 3, 50, NULL, NULL),
    (5, 1, 147, null, 4, 180000, NULL, NULL),
    (6, 2, 107, null, 0, 5, NULL, NULL),
    (7, 2, 97, null, 1, 10, NULL, NULL),
    (8, 2, 95, null, 2, 15, NULL, NULL),
    (9, 3, 101, null, 0, 5, NULL, NULL),
    (10, 3, 96, null, 1, 10, NULL, NULL),
    (11, 3, 107, null, 2, 15, NULL, NULL),
    (12, 4, 107, null, 0, 5, NULL, NULL),
    (13, 4, 97, null, 1, 10, NULL, NULL),
    (14, 4, 95, null, 2, 15, NULL, NULL),
    (15, 5, 145, null, 0, 50, NULL, NULL),
    (16, 5, 143, null, 1, 50, NULL, NULL),
    (17, 5, 145, null, 2, 40, NULL, NULL),
    (18, 5, 143, null, 3, 40, NULL, NULL),
    (19, 5, 145, null, 4, 30, NULL, NULL),
    (20, 5, 143, null, 5, 30, NULL, NULL),
    (21, 5, 145, null, 6, 20, NULL, NULL),
    (22, 5, 143, null, 7, 20, NULL, NULL),
    (23, 5, 145, null, 8, 10, NULL, NULL),
    (24, 5, 143, null, 9, 10, NULL, NULL),
    (25, 6, 1, 'meter', 0, 400, NULL, NULL),
    (26, 6, 107, null, 1, 5, NULL, NULL),
    (27, 7, 107, null, 0, 100, NULL, NULL),
    (28, 7, 97, null, 1, 100, NULL, NULL),
    (29, 7, 143, null, 2, 100, NULL, NULL),
    (30, 7, 95, null, 3, 100, NULL, NULL),
    (31, 8, 1, 'meter', 0, 400, NULL, NULL),
    (32, 8, 130, null, 1, 30, NULL, NULL),
    (33, 8, 124, null, 2, 30, 9, 6),
    (34, 9, 1, 'meter', 0, 800, NULL, NULL),
    (35, 9, 83, null, 1, 30, 32, 24),
    (36, 9, 107, null, 2, 30, NULL, NULL),
    (37, 10, 1, 'meter', 0, 400, NULL, NULL),
    (38, 10, 83, null, 1, 21, 24, 16),
    (39, 10, 107, null, 2, 12, NULL, NULL),
    (40, 11, 124, null, 0, 150, 9, 6),
    (44, 12, 119, NULL, 0, 9, NULL, NULL),
    (43, 12, 71, NULL, 1, 9, 61.23497, 43.091274),
    (41, 12, 119, NULL, 2, 7, NULL, NULL),
    (46, 12, 71, NULL, 3, 7, 61.23497, 43.091274),
    (45, 12, 119, NULL, 4, 5, NULL, NULL),
    (42, 12, 71, NULL, 5, 5, 61.23497, 43.091274),
    (47, 13, 14, 'meter', 0, 100, NULL, NULL),
    (48, 13, 69, NULL, 1, 50, 20.411657, 15.875733),
    (49, 13, 107, NULL, 2, 30, NULL, NULL),
    (53, 14, 41, NULL, 0, 21, 102.05828, 70.306816),
    (54, 14, 101, NULL, 1, 21, NULL, NULL),
    (52, 14, 41, NULL, 2, 15, 102.05828, 70.306816),
    (51, 14, 101, NULL, 3, 15, NULL, NULL),
    (55, 14, 41, NULL, 4, 9, 102.05828, 70.306816),
    (50, 14, 101, NULL, 5, 9, NULL, NULL),
    (63, 15, 57, NULL, 0, 21, 61.23497, 43.091274),
    (60, 15, 117, NULL, 1, 21, NULL, NULL),
    (62, 15, 57, NULL, 2, 15, 61.23497, 43.091274),
    (65, 15, 117, NULL, 3, 15, NULL, NULL),
    (64, 15, 57, NULL, 4, 9, 61.23497, 43.091274),
    (59, 15, 117, NULL, 5, 9, NULL, NULL),
    (61, 16, 69, NULL, 0, 21, 43.091274, 29.483503),
    (58, 16, 107, NULL, 1, 21, NULL, NULL),
    (56, 16, 69, NULL, 2, 15, 43.091274, 29.483503),
    (57, 16, 107, NULL, 3, 15, NULL, NULL),
    (67, 16, 69, NULL, 4, 9, 43.091274, 29.483503),
    (66, 16, 107, NULL, 5, 9, NULL, NULL),
    (69, 17, 71, NULL, 0, 30, 61.23497, 43.091274),
    (68, 18, 1, 'meter', 0, 400, NULL, NULL),
    (70, 18, 25, NULL, 1, 15, 43.091274, 29.483503),
    (96, 19, 41, NULL, 0, 10, NULL, NULL),
    (91, 19, 48, NULL, 1, 10, NULL, NULL),
    (90, 19, 57, NULL, 2, 10, NULL, NULL),
    (84, 19, 41, NULL, 3, 9, NULL, NULL),
    (83, 19, 48, NULL, 4, 9, NULL, NULL),
    (74, 19, 57, NULL, 5, 9, NULL, NULL),
    (76, 19, 41, NULL, 6, 8, NULL, NULL),
    (92, 19, 48, NULL, 7, 8, NULL, NULL),
    (87, 19, 57, NULL, 8, 8, NULL, NULL),
    (95, 19, 41, NULL, 9, 7, NULL, NULL),
    (81, 19, 48, NULL, 10, 7, NULL, NULL),
    (89, 19, 57, NULL, 11, 7, NULL, NULL),
    (82, 19, 41, NULL, 12, 6, NULL, NULL),
    (86, 19, 48, NULL, 13, 6, NULL, NULL),
    (94, 19, 57, NULL, 14, 6, NULL, NULL),
    (73, 19, 41, NULL, 15, 5, NULL, NULL),
    (78, 19, 48, NULL, 16, 5, NULL, NULL),
    (77, 19, 57, NULL, 17, 5, NULL, NULL),
    (71, 19, 41, NULL, 18, 4, NULL, NULL),
    (93, 19, 48, NULL, 19, 4, NULL, NULL),
    (100, 19, 57, NULL, 20, 4, NULL, NULL),
    (80, 19, 41, NULL, 21, 3, NULL, NULL),
    (99, 19, 48, NULL, 22, 3, NULL, NULL),
    (85, 19, 57, NULL, 23, 3, NULL, NULL),
    (79, 19, 41, NULL, 24, 2, NULL, NULL),
    (88, 19, 48, NULL, 25, 2, NULL, NULL),
    (75, 19, 57, NULL, 26, 2, NULL, NULL),
    (72, 19, 41, NULL, 27, 1, NULL, NULL),
    (97, 19, 48, NULL, 28, 1, NULL, NULL),
    (98, 19, 57, NULL, 29, 1, NULL, NULL),
    (101, 20, 67, NULL, 0, 30, 61.23497, 43.091274);
